id,project_id,judge_id,score,feedback
1,3,3,62.15,Democratic huge help also it letter company actually today.
2,3,4,81.05,Where then report rest dark environment provide white.
3,3,2,57.38,Dog language ability practice them structure itself weight major discuss.
4,4,1,84.69,Expert because happen star name health top.
5,4,11,55.56,Must fly police imagine oil head work should challenge pull threat put imagine which beat.
6,6,16,66.59,Those four grow level send technology clearly amount media teacher person.
7,6,1,87.0,Game plan seat surface off with society station how statement thing wrong name mind offer effort.
8,7,7,77.32,Professor clearly dinner report friend bring rule someone nature house prevent hotel officer seek reach.
9,8,18,81.15,Difficult popular choose really send respond throw wide.
10,8,16,99.62,Manager trouble reason fill sense field decide point.
11,9,1,52.17,Age all building control simply author effect week instead group.
12,9,13,58.52,Action our gas heart field people try play order quickly with matter goal.
13,9,17,64.2,Red technology himself much better read per go will make agree.
14,11,20,73.25,While service beautiful edge begin early store.
15,11,9,97.26,Two lawyer see drop worker alone finally since take describe improve act campaign television sit very.
16,11,2,53.33,Attorney Congress ever north soon movie right education brother might community later table.
17,12,9,50.95,Face former body choice study current main.
18,12,12,93.37,Hold season president computer heavy few development.
19,12,4,82.47,Suffer director know red treatment big cause science water none just happen recognize after modern really.
20,13,13,75.43,Blood list everything newspaper institution assume enjoy we group husband try trade then building class.
21,16,4,93.34,Cost cultural process national newspaper long wife prevent old break always dark feel second hospital.
22,16,11,76.58,Art small both program one across they case TV team song country.
23,16,16,59.32,Long degree common need phone teach audience project tax certainly set local wrong authority.
24,17,15,51.99,East send style gun different energy arrive it that.
25,17,18,96.11,Agree public us hospital paper term security camera past so thousand position sense.
26,17,1,65.25,Drop miss market avoid outside individual no relate since.
27,18,13,50.92,Hard hotel let southern true field movement.
28,18,6,84.22,Try talk like maintain serious style operation nice radio out skill case.
29,19,10,99.8,Before majority garden military place edge environmental even eye message fine town.
30,19,8,98.93,Not give fill stay military in enough interest probably shoulder.
31,21,2,93.93,Soon read couple rather Republican need daughter leg minute.
32,21,9,94.52,Right then police day so store consumer positive market.
33,22,18,97.46,Hot response usually learn game effort author buy heavy nearly.
34,23,5,67.09,About country various until lawyer yard on everyone note current anything into word.
35,26,5,86.49,Blue join finish cause but set yes American audience blue movement camera benefit sea institution always.
36,26,3,76.04,Art born with rest exist drive determine page seem until government door age once several.
37,27,20,62.02,South stay data pattern west before science without especially.
38,27,8,57.64,Buy east image drug participant throughout truth evidence about provide itself team support land.
39,27,14,98.53,Beyond bank Republican kind school his past herself must even.
40,28,11,56.59,Job themselves garden again medical hold kind day certain back student raise collection identify.
41,28,15,82.62,Fire if eat fact discuss over like agency very during.
42,28,18,79.05,Laugh son home generation herself make right training.
43,30,7,84.43,Join give especially treatment employee citizen despite one.
44,30,5,94.93,Out special suffer without hair set bed trouble begin receive anyone bad use laugh fall.
45,30,10,95.48,Everything trouble director find minute discussion begin appear pressure six west walk compare.
46,33,5,95.86,Like institution collection admit which owner baby significant especially situation move single network hard condition.
47,33,19,65.87,Usually early across talk short message again mean arm career answer choose car technology strong.
48,34,18,65.88,Situation left lawyer report require class paper amount work career expert more majority senior nearly.
49,34,4,93.98,Threat level positive mind skill officer study if edge view cold teach call.
50,34,6,86.35,Deal outside happen fear page include heavy.
51,36,14,65.17,Agency maintain seek democratic simple seek last opportunity serve cause soldier how.
52,36,20,87.28,Administration dinner keep main letter let think leg indeed.
53,37,9,55.34,Early certainly policy big hear go travel.
54,37,5,59.24,Back family start necessary American wonder suggest attack former financial medical action big.
55,37,7,88.12,Especially agency despite minute agency idea sometimes least perform expect anything military but just maintain.
56,41,20,79.82,Already single rock not attack why usually help produce key reveal environment central trip behavior.
57,41,9,61.55,Every detail analysis activity card industry create son third interview nothing wrong decision.
58,41,8,51.3,Clear also road skin despite trip close pull.
59,44,16,56.7,Bag least tonight pattern woman sure western election.
60,45,16,92.61,Nature top score place force choose radio respond mind everything order to difficult against low.
61,45,12,74.57,Vote feel win yard anything option soon election station never such despite.
62,45,6,56.88,Less check better my guy score information former ball class.
63,46,8,51.61,Way production simple unit arm image it increase within free have final main young.
64,47,9,97.51,Open if support expert particular close city force heavy bar bank someone across.
65,48,7,87.89,Investment to various soldier recently charge anything likely allow fact such quickly truth record program.
66,49,6,96.36,American throughout form although old write pass start.
67,50,20,84.39,Smile today station make environment fact student author partner catch.
68,50,16,93.34,Paper employee poor record benefit paper ready allow system professor reason special grow meeting.
69,51,14,70.24,President spring individual us some suggest program decision leave reflect already.
70,52,20,86.77,Onto brother blue large chance available side reach.
71,53,11,80.58,Dream loss important upon property public role few remember time prevent hair hospital generation any subject.
72,53,13,87.12,Hope speech less whom situation television last staff seat religious probably.
73,54,18,76.03,Test contain than clearly economy behavior then free among cell mention manager everyone dark Congress.
74,54,17,72.58,Side place represent song health able lot.
75,54,2,91.35,Cut challenge quite tax season event hospital more opportunity unit cultural show rule always.
76,55,8,75.94,Natural much sense and forward imagine phone social listen there upon trial participant discuss firm opportunity.
77,56,2,69.37,Enter through system stage protect often house above director develop start dream able answer.
78,56,18,88.26,Sort event sport national indicate maybe weight some.
79,57,7,64.56,Shoulder professional market oil move need sister talk understand home rise.
80,59,10,73.07,Nation customer rate bag positive water again candidate see.
81,59,20,71.12,College factor either class interview role guess share eye young reality.
82,60,2,73.18,Baby choose building view well at show serve.
83,60,17,82.31,Whole box later building she single let business property everything bar.
84,60,5,54.52,Good hold country war rise treat per wide.
85,61,4,56.77,Yeah class garden miss ready create yard serious.
86,61,6,70.68,Ahead table society it southern simply I cold perform low only recently.
87,61,18,72.54,Strong value sit newspaper leader focus hard tonight already could.
88,63,15,79.52,Green write value possible indeed study wide television be successful organization no bring career manager.
89,65,7,62.5,Rise future person allow structure first fine state fall teach area feel who carry election.
90,65,15,84.59,Yourself exactly sure wonder window hair marriage school imagine ago expect continue.
91,65,3,95.36,Thank use owner surface guy believe enough free.
92,66,4,54.56,Consumer defense song discuss everybody success nearly must teacher.
93,67,15,76.19,Very that national trade price beyond idea us find there behavior four scientist carry behind.
94,67,12,69.2,About through amount special image blood city vote time easy free continue truth red billion speech.
95,67,3,89.55,Despite remain college whatever tell meeting writer accept mission event some simply could natural.
96,69,20,77.52,Involve party home stay fall carry wind in.
97,69,6,52.2,Explain eat task by inside possible marriage within if course education campaign continue political build provide.
98,69,13,58.54,Represent discuss economic another authority house whole everybody both.
99,71,19,58.11,Prepare response stop add blood deal certain.
100,71,5,57.23,Than foot in process quite kitchen cut play deal.
101,77,2,65.48,Could program water drug major event any able less article threat arrive.
102,77,14,88.43,Modern data book expert exist computer shoulder list several assume lawyer field difference cut.
103,77,10,72.31,Style white especially lose just card sit population his worry necessary.
104,79,6,98.02,Body return miss ready even probably son second after.
105,79,4,50.18,Whatever blue together edge each whatever use task off under two physical within about when.
106,79,5,88.27,Shoulder show information game loss cost run result interesting receive evening current.
107,81,15,74.88,Prove whether north ground here person three foot tax ground serve mouth manage.
108,82,18,80.4,Whatever administration baby north case improve analysis level movement school bill wrong nature.
109,82,1,74.67,Determine Democrat he already activity onto build exactly open.
110,83,19,82.97,Throw behavior type partner behavior economy our second voice drop live everyone cold serious.
111,85,14,53.97,Unit majority yeah somebody thought beyond mean.
112,85,15,80.01,Under everyone interview give ground laugh receive agree best physical.
113,86,18,63.91,Project court state doctor and conference still.
114,87,18,59.24,Car leave product difficult care brother treatment daughter phone they.
115,87,7,52.75,Strong it reach street city her commercial along compare successful inside.
116,87,2,67.45,Share deep child board director spend entire minute.
117,88,2,83.35,This most too option which one form laugh stock organization produce democratic last common student.
118,89,10,52.45,Evidence employee degree safe sign after image heart movement until themselves break reason.
119,89,11,70.85,Discover record wear both look training oil.
120,89,3,58.91,Apply conference then sometimes drive anything teach myself avoid.
121,90,10,58.87,Need fund Mr employee forward carry condition into sure day sort determine player military person.
122,90,19,72.77,Instead plant bag set leave race yeah front.
123,90,18,78.95,She sister simple real television rich base.
124,91,3,88.43,Serious space one bar couple well better situation much.
125,92,12,91.01,Arm piece why ago change government here boy trial population sell end.
126,92,13,87.92,Nation challenge property music expert mission should character.
127,95,3,56.73,May small fire light medical level analysis any product though help.
128,95,10,84.73,Become rich every change help but include something memory wrong hard any.
129,95,16,63.72,Start size heart among research person apply debate improve task next.
130,96,14,84.79,Great your sign single well task moment call art soon up tend education more three trip.
131,96,17,80.6,Energy safe while popular natural list they.
132,96,7,55.47,Middle her shake month ask environmental choice assume recent people.
133,97,17,86.2,Rise miss population project film father again these series candidate reveal.
134,97,3,80.24,Issue bit whether edge left American hope watch place church watch health fact them cost.
135,97,16,89.41,Return hard myself cost court tend role protect like film.
136,99,10,62.98,Tell message whether morning trouble against difficult board drop recently million.
137,99,14,78.76,Former win letter story article read also rather arm table draw.
138,99,11,81.16,Decade share great stock election fire remember house develop center.
139,100,20,78.13,Bed represent lawyer letter these buy answer wish.
140,101,16,94.18,Order piece cup describe if follow difficult think talk rich.
141,101,20,61.64,Truth partner measure serve force hope left may.
142,101,6,64.52,Single result modern across treatment decade ago specific only free increase near study.
143,102,1,55.91,Under each help line reflect enough exist without build right indeed able perform degree happy.
144,103,4,89.98,Care around find audience but moment sign expert much difficult however local.
145,103,7,99.95,Only series imagine color reveal walk paper.
146,104,2,67.48,Challenge drive every front baby effort already second room candidate movie wait amount happen.
147,104,11,90.3,Sing front manage how itself so another.
148,105,1,82.03,Bring can sister adult among cover wrong minute.
149,106,10,65.39,Guess huge parent stand several hit rate authority wait defense.
150,106,9,75.33,Should effect future appear involve nearly job board phone.
151,106,3,66.2,Interesting no total perform worker story face white break fight never soldier world sister.
152,107,4,84.29,Fear local project nearly throw carry animal do hear rich apply project.
153,108,13,80.8,Reality adult state medical year oil ask eye off various research laugh effort southern.
154,108,19,51.46,Series relationship perhaps personal short of heart sister fast need painting outside role.
155,112,7,66.53,Bed mission certain situation often PM notice chair north family sign thought notice society.
156,113,16,89.86,Well three board stuff southern development sister simply involve nor.
157,113,20,82.28,Imagine record wrong list huge brother shake win.
158,114,5,94.6,Politics community democratic no yes direction parent.
159,114,15,76.85,Prove own gun during wear catch today serious structure wonder stock today.
160,115,15,96.39,Thought brother central reason particular game near support chair opportunity grow put its.
161,115,14,52.8,Behavior nearly of general piece type describe no speak better store.
162,116,10,77.76,Short southern finish front under build successful since human.
163,116,19,50.94,Drive someone financial meeting personal American ahead where long.
164,116,11,78.87,A property message outside traditional home your bring woman hit.
165,117,12,98.48,Avoid property sport friend wide take answer at month partner.
166,117,3,64.02,Bag picture available scene approach imagine concern picture cultural old kitchen.
167,118,11,99.18,Phone anyone happy point establish time key out hospital around wall those rise.
168,119,18,59.37,Provide others general new begin their right step type type word not usually.
169,119,6,55.84,Shoulder enjoy however model move attack crime dark.
170,119,13,89.12,Become car use group us dark trouble husband level until.
171,120,11,63.57,Action support tonight clearly big owner a both seek draw message prove car many.
172,120,2,54.34,With heavy couple language through nation film or rise collection often answer ten family amount.
