id,team_id,title,description,repo_url,current_status
1,1,Down-sized web-enabled circuit,Fight save laugh same. Either main hair add good report through.,https://github.com/rrodriguez/natural-should-push,Approved
2,2,Digitized incremental definition,Marriage each scientist wind grow season. Turn help blue event phone.,https://github.com/harcher/continue-evidence,Approved
3,3,Synergistic grid-enabled groupware,Individual yes finally American mind gas partner item. Note society get body across until chair. Model face newspaper class.,https://github.com/zroberts/financial,Evaluated
4,4,Persevering 6thgeneration data-warehouse,But major above good street anyone case these. Program shoulder choice beat establish you culture.,https://github.com/carterantonio/worker-hear-energy,Delivered
5,5,Synergistic scalable info-mediaries,Whom better end few financial nor. Source cause should economic indicate current. Beat note pick national heavy.,https://github.com/hdavis/letter-rule-form,Idea
6,6,Synergized transitional help-desk,Into inside improve agree next whatever. Because cell trade skill oil health. Myself not fall sense hotel idea accept space.,https://github.com/fcombs/around-expect,Evaluated
7,7,Streamlined bi-directional groupware,State not real ten. Science purpose school apply. Might no whose carry time. Feeling financial writer according.,https://github.com/mhanson/building-audience-a,Evaluated
8,8,Robust bottom-line model,Daughter listen strategy kitchen argue. Feel low contain dog.,https://github.com/lorraine79/candidate-lay-child,Evaluated
9,9,Ameliorated contextually-based circuit,Memory record customer lose. Property where manage property hospital.,https://github.com/marshalllisa/choose-ahead,Delivered
10,10,Persevering bottom-line open system,Oil alone practice. Know traditional great cause think learn across citizen. Task me give relationship hospital artist pretty.,https://github.com/diana95/machine-senior-town,In Development
11,11,Devolved even-keeled toolset,Attention stuff low while paper Congress. Simple moment can food western give pay.,https://github.com/bjones/together,Evaluated
12,12,Diverse discrete attitude,Various live service wonder speak run door. Rock himself wind two.,https://github.com/salazardanny/throw-so-baby,Evaluated
13,13,Virtual holistic portal,Type fly recognize. Card PM news cultural make quickly. Cut class sport speak court. Agency where benefit almost cell accept similar nothing.,https://github.com/petersonfaith/whether-should,Delivered
14,14,Progressive modular core,Still may ground tonight table soon keep. Heavy audience back site fear brother discover own.,https://github.com/andrew44/in-score-help,In Development
15,15,Diverse executive archive,Drop military particularly fine peace national through. Likely true enjoy air full end free share. Daughter stage form serious.,https://github.com/youngcharles/yourself,In Development
16,16,Seamless tangible task-force,Wonder wear our partner ball necessary.,https://github.com/josephwilliams/also-model-movement,Evaluated
17,17,Streamlined grid-enabled Internet solution,Sit theory direction use ago. Move team radio scene need. Hit help by.,https://github.com/hdunn/left-buy-watch,Delivered
18,18,Multi-layered heuristic core,Truth draw begin act including sell. Nothing yard address rest spend baby camera. Executive fire own three.,https://github.com/david67/really-can-realize,Delivered
19,19,Compatible eco-centric moratorium,Relate spend today teach kitchen few happen. Fall president money environment recently me approach.,https://github.com/nthornton/mention-far-bar,Evaluated
20,20,Devolved multi-state emulation,Decision head staff center within recognize practice. Well again student establish open feel whole.,https://github.com/ramirezchelsea/mission-after,Approved
21,21,Multi-tiered human-resource intranet,Day continue issue appear figure.,https://github.com/sharon95/win-them-whatever,Delivered
22,22,Versatile optimizing data-warehouse,Rise perform tend site up sell.,https://github.com/transtephanie/work-resource-field,Delivered
23,23,Public-key maximized interface,Shoulder employee whether level yeah draw traditional. Son week beat economic myself. Number although ever environmental economy president.,https://github.com/martinezashley/full-think,Evaluated
24,24,Enhanced leadingedge Local Area Network,Across already grow point news impact.,https://github.com/hillcheryl/former-attack-let,Idea
25,25,Fundamental zero administration toolset,Than camera piece chair peace. Discussion pressure contain.,https://github.com/criley/on-series-drive-ask,In Development
26,26,Fundamental eco-centric adapter,Responsibility over glass back kitchen memory down. Now stop race author interview executive. Force small friend.,https://github.com/xmerritt/many-yes-financial,Evaluated
27,27,Assimilated cohesive hub,Us treatment agent participant space.,https://github.com/shelby69/alone-realize-she,Evaluated
28,28,Multi-tiered well-modulated projection,When yeah not young. Nature individual run summer month anything line modern.,https://github.com/mstewart/think-parent,Delivered
29,29,Fully-configurable full-range encryption,Lay security break drop run. Gun goal measure trip president painting. Skill discover still would understand each training.,https://github.com/catherineflynn/growth-former-buy,Approved
30,30,Open-source intangible middleware,Management thing cup conference law coach industry. Represent like big thank street agency cold.,https://github.com/andersonmichelle/why-important-well,Delivered
31,31,Multi-channeled clear-thinking initiative,Republican budget today together option. Blue reveal available TV wear treat piece scientist. Eye local care contain she trouble.,https://github.com/hernandezalan/personal-hope,In Development
32,32,Streamlined logistical implementation,Computer reveal evidence significant discussion manage. Nor today oil. Expect himself serious well among war.,https://github.com/russellramirez/until-power-former,Idea
33,33,Monitored executive concept,Event keep those eye truth. Send under project cell deal stuff senior agree.,https://github.com/moyeramber/successful-day,Delivered
34,34,Pre-emptive 4thgeneration hub,Walk number rule minute store. Truth respond try build threat.,https://github.com/ibaker/family-sign-relate,Delivered
35,35,Multi-channeled attitude-oriented synergy,Force medical everybody piece. Public available reach throughout although beyond relate.,https://github.com/james80/protect-product,Approved
36,36,Fully-configurable client-driven parallelism,Pull enter charge sport safe. Capital play become might rich. About attack newspaper decade concern.,https://github.com/nwatts/husband-program,Delivered
37,37,Front-line scalable hardware,Prevent conference feel discussion factor machine someone. Our myself far despite while to. Information language easy interesting computer.,https://github.com/donna56/sea-career-staff-us,Evaluated
38,38,Pre-emptive radical installation,Fact medical three. Article sign energy fish hot kind.,https://github.com/dgreen/executive-mention,In Development
39,39,Face-to-face global productivity,Language determine then movie single.,https://github.com/gouldchristina/girl-carry-point,In Development
40,40,Ameliorated uniform adapter,Sister four good she. Pressure million gun cup. Study how responsibility face.,https://github.com/reneerivera/dinner-on,In Development
41,41,Fully-configurable 24/7 alliance,Bill huge machine church feeling discover significant.,https://github.com/arthurbrady/tax-step-huge,Evaluated
42,42,Open-architected clear-thinking support,Baby mean region run. Address store painting.,https://github.com/codychapman/include-daughter,In Development
43,43,Robust fault-tolerant toolset,Mention age ever dark enough prevent. Heavy involve develop image everything expect reflect. Each admit market hour head national board.,https://github.com/beckyjohnson/spend-each-likely,In Development
44,44,Polarized non-volatile benchmark,Century picture base night debate walk. Economic center pattern list rich note discussion should.,https://github.com/robert52/although-fund-risk,Delivered
45,45,Right-sized incremental ability,Sense some nation fine present. Leave lot never science run TV.,https://github.com/ylyons/care-sometimes-add,Delivered
46,46,Programmable value-added capability,Join will although interest color. Maintain see natural human father itself family.,https://github.com/alexandra95/organization-rate,Evaluated
47,47,Digitized explicit model,Weight he page line decision form section you. Clearly resource listen fish.,https://github.com/edwardjones/accept-forget,Delivered
48,48,Ergonomic dedicated solution,Learn behind person organization at player third. Pick until ever star test once.,https://github.com/michael64/option-number-put,Delivered
49,49,Exclusive asynchronous parallelism,Room evidence enjoy bill. Onto she form sign option everyone southern.,https://github.com/aclark/step-each-direction,Delivered
50,50,Seamless client-server circuit,Themselves follow time appear memory keep professor. Few service drive hotel similar relationship.,https://github.com/larry85/nice-bar-use-point,Delivered
51,51,Extended composite productivity,Style night majority smile. Newspaper itself give agent.,https://github.com/melissa56/different-practice,Evaluated
52,52,Ergonomic homogeneous hub,Cultural guess crime. Financial behind hard effect TV parent almost ever.,https://github.com/ssanders/sea-environment-eye,Delivered
53,53,Centralized object-oriented algorithm,Place make list themselves seek space although ahead. Relationship computer surface bar. Argue PM artist best.,https://github.com/tonya39/sing-adult-go-third,Evaluated
54,54,Intuitive tertiary concept,Might wait idea study prove assume. Challenge entire common and part read important. Find night brother. Nothing recent not leg break bed role.,https://github.com/lonniesims/again-speak,Delivered
55,55,Advanced didactic productivity,Ball right east study politics top course. Financial here expert everything. Firm difficult could third computer far recently.,https://github.com/christopher59/himself-happy-sport,Evaluated
56,56,Programmable local product,Wear one choose. Decision reduce get specific someone debate record.,https://github.com/christopher34/discover-manage,Delivered
57,57,Automated bifurcated model,Little level follow nor. Top follow bit grow too city little from. Cost group clear national. Keep pattern order.,https://github.com/esimon/they-either-entire,Evaluated
58,58,Multi-layered radical Graphical User Interface,Feel wife theory shake too medical. International especially officer or clearly coach. Though whole wall cup win.,https://github.com/davidcook/arm-believe-for,In Development
59,59,Visionary client-server website,How leave probably customer common film continue. Job right child new simply. Local general likely.,https://github.com/ehale/relate-however,Evaluated
60,60,Persistent tertiary encryption,Campaign several card significant today star. Others move get prove wife agree.,https://github.com/katrinawood/grow-more-test,Delivered
61,61,Seamless radical system engine,Population catch could deep. Behavior himself conference character find push. Alone when instead clear radio strong let.,https://github.com/reedjessica/reality-travel,Delivered
62,62,Advanced cohesive functionalities,Medical rather activity president prove institution approach. Else plant page sort late health.,https://github.com/ijoseph/his-brother-stock,Idea
63,63,Optimized national task-force,Character front various opportunity. Method pass the itself let. Business majority happen.,https://github.com/johnny54/speak-tell-agent,Delivered
64,64,Future-proofed context-sensitive frame,Adult foot player other ground already. Eat base behind risk plan issue. Generation leader pay try tough.,https://github.com/uwilliams/hotel-american,Approved
65,65,Robust uniform productivity,Mention rise front PM few husband. Wear either present third.,https://github.com/ysanford/dark-own-every,Evaluated
66,66,Seamless multimedia moratorium,Hear list set. Ever read control maybe animal human.,https://github.com/erikanelson/investment-despite,Delivered
67,67,Operative stable capacity,Leg so play best different. Determine particularly rock participant leave inside.,https://github.com/amber78/actually-gun-grow,Delivered
68,68,Monitored leadingedge collaboration,Decision recently pull eight allow system whose. Main world bar security morning fight seem later. Ahead person coach goal it yet age.,https://github.com/angela73/how-will-note-catch,In Development
69,69,Robust bottom-line attitude,Deep book eye ten short. Nearly goal design too everything side. Black those whether seven fish movie hot teacher.,https://github.com/ssherman/that-window-listen,Delivered
70,70,Enhanced impactful forecast,Stop several prevent raise better oil individual.,https://github.com/ojenkins/air-present-door,In Development
71,71,Seamless regional middleware,Number impact age particular coach personal range weight. Sea third pressure.,https://github.com/melissamartin/home-several-two,Evaluated
72,72,Enhanced methodical structure,Car ask air officer learn raise. Wrong someone win matter book page.,https://github.com/monica23/maintain-seven,Idea
73,73,Adaptive value-added alliance,Yet television audience indicate employee respond building. Positive move agency lose rise fall huge state. Guy respond memory.,https://github.com/hpatterson/body-child-throw,Approved
74,74,Virtual optimal system engine,Hand prevent center during. Decide best politics available tonight man each.,https://github.com/matthew75/store-little-scene,In Development
75,75,Re-contextualized even-keeled policy,Challenge eye determine he.,https://github.com/jennifer42/out-protect-focus,In Development
76,76,Universal leadingedge service-desk,Season reason chair factor. Either direction surface on chance activity.,https://github.com/jennifer86/me-present-we,In Development
77,77,Monitored secondary collaboration,Fire hear tend magazine college moment compare. Add water garden finally difference everything. Practice ground least tree. Style suffer situation.,https://github.com/judithcox/alone-inside,Evaluated
78,78,Cross-platform full-range middleware,Network movement scientist their wife. Land mission each something.,https://github.com/hannahcurtis/election-drive-road,Approved
79,79,Persevering context-sensitive analyzer,Necessary before couple store as. Mission article dinner one. Local better think anything so authority long kind. Culture my Democrat maintain notice ok technology.,https://github.com/cortezscott/question-day,Delivered
80,80,Sharable reciprocal system engine,Edge imagine establish. Computer medical method week federal test eat every. Me personal born series consider according throw.,https://github.com/lsimpson/attorney-soon-lay,In Development
81,81,Innovative bandwidth-monitored intranet,State cover board discussion film figure short. Bill feel participant number choice choose short. System particular church what.,https://github.com/yvaldez/keep-state-she,Delivered
82,82,Focused empowering leverage,Certain free government seat last interesting. Several accept vote area impact position.,https://github.com/theresawang/after-tell-sea,Delivered
83,83,Expanded stable structure,Strategy age into him newspaper. Something pay key ever avoid.,https://github.com/markcastillo/set-personal-many,Evaluated
84,84,Balanced zero-defect protocol,Economic would only arrive argue garden Mrs. Type book care seek foot simple. Station them operation off no just.,https://github.com/ashley48/nice-technology,In Development
85,85,Team-oriented 3rdgeneration challenge,Whatever guess significant section Democrat fly. Leave four question region effort.,https://github.com/taylordawn/late-individual,Delivered
86,86,Pre-emptive actuating moderator,Health not yet where their force much. Offer plant same north wind.,https://github.com/schmidtlauren/throughout-today,Delivered
87,87,Re-engineered maximized pricing structure,Short issue everybody later. Practice authority possible fund.,https://github.com/zpreston/paper-finally,Delivered
88,88,Secured human-resource adapter,Follow character talk once should.,https://github.com/mvaldez/speech-term-paper,Delivered
89,89,Multi-channeled transitional orchestration,Significant deal consider ago own. Single music west.,https://github.com/monica33/defense-floor,Delivered
90,90,Optimized encompassing emulation,Agree there want but way agent. Herself land human day herself.,https://github.com/davisgregory/white-particular,Delivered
91,91,Programmable bottom-line complexity,Wait scientist group yet. Course world son growth effort born.,https://github.com/ysmith/suggest-kitchen,Delivered
92,92,Cross-platform heuristic hierarchy,Its summer feel yourself. Practice special then administration.,https://github.com/jessica50/chance-throw-energy,Evaluated
93,93,Re-contextualized 24/7 capacity,Cell like although other. Term produce he increase church. Company million character speak.,https://github.com/michaelbuckley/stop-commercial-all,In Development
94,94,Expanded fault-tolerant initiative,Training enter fly situation former threat. Same certain imagine. Help out modern citizen address today begin. Both little work task.,https://github.com/mtaylor/table-public-a,In Development
95,95,Phased methodical extranet,Prevent half party respond local see. Cultural despite candidate walk difficult bank believe.,https://github.com/ncampbell/book-enjoy-draw,Delivered
96,96,Enterprise-wide upward-trending protocol,Report left opportunity might write entire. Foreign hear certainly say.,https://github.com/adkinslauren/project-anything,Evaluated
97,97,Exclusive contextually-based access,Structure down however. Occur low gas.,https://github.com/nhayes/long-pretty,Delivered
98,98,Quality-focused leadingedge capability,Under front throughout effort southern maintain nature. Property garden mind as.,https://github.com/ronald08/card-between-dream,Approved
99,99,Customizable bottom-line neural-net,Their film job worker. Whom will consumer star.,https://github.com/donaldbecker/stand-adult-decide,Delivered
100,100,User-friendly heuristic moderator,None most another mouth. Discover water most hear beyond close plant. Difficult us respond must western interest dark any. Fast too will throw life carry.,https://github.com/aaron48/relate-forget,Delivered
101,101,Upgradable reciprocal policy,Sense cell lose civil. Hospital city industry option eat.,https://github.com/chad42/walk-interest,Evaluated
102,102,Up-sized user-facing paradigm,Kitchen public set action bring. Modern sign out discussion just.,https://github.com/weaverchelsea/class-avoid-up,Evaluated
103,103,Up-sized global flexibility,Study eight phone international collection report.,https://github.com/oblake/necessary-board,Delivered
104,104,Upgradable real-time policy,Thank professor student white instead. Tend exactly right every. Policy forget project economy ground.,https://github.com/garcialinda/eight-pay-miss-do,Evaluated
105,105,Optional static flexibility,Night study heart million understand him own. Study poor better believe whom draw oil remember.,https://github.com/tochoa/size-among-hand,Delivered
106,106,Organic logistical orchestration,Vote spend physical. Protect agent note agency watch better. Soon rock support effect stand general.,https://github.com/joshuabowers/garden-low-say,Delivered
107,107,Fundamental zero administration utilization,Next tell possible scientist send. Suddenly task free pattern.,https://github.com/leslietorres/who-seven-believe,Delivered
108,108,Open-architected foreground process improvement,Series dark task magazine. South time senior where follow born. Financial media politics fast nice concern peace away.,https://github.com/daviscarly/under-record,Evaluated
109,109,Fundamental client-server structure,Government card history suddenly save theory sometimes. Now bank yourself kind American nature property event. Difference reason despite themselves key specific certainly.,https://github.com/john09/meeting-this-leg,Approved
110,110,Realigned neutral open system,Control million hundred offer total hit. Religious word sound enjoy have.,https://github.com/lukekelly/room-center-fund,In Development
111,111,Total dynamic utilization,Can wonder six medical little finish southern page. Response population never world let off. Least just opportunity.,https://github.com/bentongeorge/opportunity-list,In Development
112,112,Streamlined analyzing hardware,As great western everybody. Water road require make region. Worry Democrat laugh Mrs.,https://github.com/mark98/young-investment,Delivered
113,113,Visionary needs-based software,Television wife apply senior onto simple. Pass morning room run. Woman similar writer structure ahead. Rock forward behind idea red rate source.,https://github.com/ihorton/throw-gun-cover-big,Delivered
114,114,Multi-channeled context-sensitive strategy,Matter continue husband dinner worry. Fund sell model after. Article news radio believe ability world actually force.,https://github.com/anthony99/house-town,Delivered
115,115,Enhanced content-based productivity,Consider despite generation the tree outside off. Relationship they concern chance standard air. Very thousand soldier. Southern find fact give.,https://github.com/brittanyjackson/black-modern-data,Delivered
116,116,Distributed reciprocal Graphical User Interface,Story six want protect assume east center. Could identify group true TV specific travel. Better mind professional fly month offer mother hour.,https://github.com/justintaylor/source-decade-final,Evaluated
117,117,Self-enabling interactive initiative,Bank agency bit night participant fill. Side recognize month among water. Throughout security number community finish.,https://github.com/fergusonbrandon/floor-image-cup-he,Evaluated
118,118,Business-focused systemic Internet solution,Support meet race and Democrat lead control. Republican authority data deal policy. And high too.,https://github.com/glassadam/effect-receive,Evaluated
119,119,Managed context-sensitive info-mediaries,True I choose out perform election. Quite report top finally wait president.,https://github.com/robert06/than-job-huge-fall,Delivered
120,120,Ergonomic zero-defect matrix,Action realize among short can ready audience boy. Total major contain force.,https://github.com/stephanie64/not-few-feel-total,Delivered
