id,hackathon_id,name,description
1,1,HealthTech,By two bad fall pick those gun court attorney product significant world.
2,1,Web3 & Blockchain,Term herself law street class great prove reduce.
3,1,FinTech,Participant commercial rock clear here writer.
4,1,EdTech,Detail food shoulder argue start source husband at tree note responsibility defense material.
5,2,Artificial Intelligence,Central cause seat much section investment on gun young catch management.
6,2,FinTech,Technology check civil quite others his.
7,2,Web3 & Blockchain,You more wife team activity result race Mr environment political born itself law.
8,2,SpaceTech,Will seven medical blood personal success medical current hear.
9,3,SpaceTech,Much single morning a food affect upon these.
10,3,Web3 & Blockchain,Dream drive note bad rule staff within mouth call.
11,3,HealthTech,Water close month parent who up sense ready require human public health.
12,3,FinTech,Later easy ask again network open according remain arrive attack all form.
13,4,FinTech,Draw protect Democrat car very number line six space couple best issue.
14,4,SpaceTech,In tell approach president position art rock song body court movie.
15,4,Artificial Intelligence,Instead everything economic type kitchen technology nearly.
16,4,Web3 & Blockchain,Present music address behavior send door.
17,5,SpaceTech,Magazine degree husband around her world enter six lawyer institution whatever.
18,5,Sustainability Tech,Product main couple design around save article finish anyone live try most arm.
19,5,Cybersecurity,Bag control organization push dog build three east organization people information on.
20,5,Web3 & Blockchain,First end prove fire enter capital population lead upon very act perform.
